{"spi":{"非耳听觉":2,"颅内传心（盗梦空间中的筑梦）":6,"预知（注定的未来）":7,"非心感知（俗称心理感应）":9,"颅内传视":2,"非眼视觉":4,"颅内传力（念力，瞬移）":3,"非身触觉":1,"后瞻（真实的历史）":4,"颅内传味":1},"lawAbility":{"面对一般事物或行为的判断力":3.4545454545454546,"面对一般事物或行为的自我保护能力":3.1818181818181817,"面对重大事物或行为的判断力":3.5454545454545454,"面对重大事物或行为的自我保护能力":3.3636363636363638,"面对较复杂事物或行为的判断力":3.272727272727273,"面对较复杂事物或行为的自我保护能力":3.3636363636363638},"ability":{"想象力":4.454545454545454,"记忆力":4.2727272727272725,"观察能力":3.727272727272727,"联想能力":4.363636363636363,"组织能力":2.909090909090909,"沟通能力":2.909090909090909,"领导能力":3.272727272727273,"创新能力":4.2727272727272725,"学习能力":4.7272727272727275,"号召能力":3.1818181818181817,"适应能力":3.3636363636363638}}